[
{
"eid":"111",
"ename":"Allu gopal siva durga",
"gender":"Male",
"edesignation":"Trainee",
"Salary":20000,
"eaddress":"Andhra Pradesh",
"econtact":"9652398311"
},
{
"eid":"333",
"ename":"Peter Parker",
"gender":"Female",
"edesignation":"Manager",
"Salary":55000,
"eaddress":"Mogaltur",
"econtact":"9848032919"
},
{
"eid":"222",
"ename":"sai krishna",
"gender":"Male",
"edesignation":"Trainee",
"Salary":35000,
"eaddress":"Rajamundry",
"econtact":"9652968224"
},
{
"eid":"685",
"ename":"Pavan Kumar",
"gender":"Male",
"edesignation":"Employee",
"Salary":38040,
"eaddress":"Bheemavaram",
"econtact":"9344706521"
},
{
"eid":"684",
"ename":"Soujanya",
"gender":"Female",
"edesignation":"Mentor",
"Salary":150000,
"eaddress":"Lekinada",
"econtact":"9933225577"
}
]